Vendor_1,Vendor_2,vendor_name,vendor_code
woking street,woking street,woking street,mbsh
woking street,woking street,woking street,mbsh
the birdman chi,the birdman chikin,the birdman chikin,zjdg
the birdman chi,the birdman chikin,the birdman chikin,asiv
the birdman chi,the birdman chikin,the birdman chikin,zjdg
the birdman chi,the birdman chikin,the birdman chikin,asiv
wrap & roll,wrap & roll,wrap & roll,s9da
wrap & roll,wrap & roll,wrap & roll,s8os
wrap & roll,wrap & roll,wrap and roll,s4cn
wrap & roll,wrap & roll,wrap and roll,s2ks
wrap & roll,wrap & roll,chap & roll,tlrf
wrap & roll,wrap & roll,wrap & roll,slbo
wrap & roll,wrap & roll,wrap & roll,abp3
wrap & roll,wrap & roll,wrap & roll,pygo
wrap & roll,wrap & roll,wrap & roll,s9da
wrap & roll,wrap & roll,wrap & roll,s8os
wrap & roll,wrap & roll,wrap and roll,s4cn
wrap & roll,wrap & roll,wrap and roll,s2ks
wrap & roll,wrap & roll,chap & roll,tlrf
wrap & roll,wrap & roll,wrap & roll,slbo
wrap & roll,wrap & roll,wrap & roll,abp3
wrap & roll,wrap & roll,wrap & roll,pygo
pizza in law mo,pizza in law 467,pizza in law,g9z9
pizza in law mo,pizza in law 467,pizza in law,h7st
pizza in law mo,pizza in law 467,pizza in law,g9z9
pizza in law mo,pizza in law 467,pizza in law,h7st
winger,winger,winger,gvxz
winger,winger,winger,gvxz
pizza deli,d'oh,pizza delight,s9pj
pizza deli,d'oh,pizza da ali,tqat
feast & fiesta,feast & fiesta,feast & fiesta,rgmv
feast & fiesta,feast & fiesta,feast & fiesta,rgmv
khabooz,khabooz,khaboo,bbkp
khabooz,khabooz,khabo,xa5f
khabooz,khabooz,khabo,cwp2
khabooz,khabooz,khabooz,kk07
khabooz,khabooz,khaboo,bbkp
khabooz,khabooz,khabo,xa5f
khabooz,khabooz,khabo,cwp2
khabooz,khabooz,khabooz,kk07
pizzak,pizzak,pizzan,z3tj
pizzak,pizzak,pizzak,tb51
pizzak,pizzak,pizzan,rd0e
pizzak,pizzak,pizzan,z3tj
pizzak,pizzak,pizzak,tb51
pizzak,pizzak,pizzan,rd0e
riceberry,riceberry,riceberry,h7qe
riceberry,riceberry,riceberry,h7qe
curry bliss,curry bliss,curry bites,wpte
curry bliss,curry bliss,curry bites,wpte
noon,noon,unoon,mz0i
noon,noon,unoon,mz0i
yumific,yumific,yumific,mjmo
yumific,yumific,yumific,mjmo
delicious meat,delicious meat,delicious treats,s0tt
delicious meat,delicious meat,delicious hut,s2kf
delicious meat,delicious meat,delicious pasta,z5uz
delicious meat,delicious meat,delicious meals,u4s3
delicious meat,delicious meat,delicious treats,pujg
delicious meat,delicious meat,delicious treats,s0tt
delicious meat,delicious meat,delicious hut,s2kf
delicious meat,delicious meat,delicious pasta,z5uz
delicious meat,delicious meat,delicious meals,u4s3
delicious meat,delicious meat,delicious treats,pujg
bullet food,bullet food,bulletfood,xgtk
bullet food,bullet food,bulletfood,xgtk
waffle time - d,waffle time dhanmondi,waffle time,wj2z
waffle time - d,waffle time dhanmondi,waffle time,yr02
waffle time - d,waffle time dhanmondi,waffle time,rzly
waffle time - d,waffle time dhanmondi,waffle time,bsqt
waffle time - d,waffle time dhanmondi,waffle time,py3t
waffle time - d,waffle time dhanmondi,waffle time,sti0
waffle time - d,waffle time dhanmondi,waffle time,yrrj
waffle time - d,waffle time dhanmondi,waffle time,dlms
waffle time - d,waffle time dhanmondi,waffle time,mpz9
waffle time - d,waffle time dhanmondi,waffle time,yo5g
waffle time - d,waffle time dhanmondi,waffle time,ln9s
waffle time - d,waffle time dhanmondi,waffle time,rgxj
waffle time - d,waffle time dhanmondi,waffle time,wa7b
waffle time - d,waffle time dhanmondi,waffle time,lllj
burger oppa (la,burger oppa (lalmatia) by onnow,burger pagla,u8tk
burger oppa (la,burger oppa (lalmatia) by onnow,burger oppa,ef8l
burger oppa (la,burger oppa (lalmatia) by onnow,burger oppa,b768
burger oppa (la,burger oppa (lalmatia) by onnow,burger oppa,iq8d
creative home k,creative home kitchen,creative home kitchen,mm4y
creative home k,creative home kitchen,art home kitchen,w2pg
creative home k,creative home kitchen,setem home kitchen,i7ik
creative home k,creative home kitchen,the home kitchen,k96n
creative home k,creative home kitchen,raisa home kitchen,gwfg
creative home k,creative home kitchen,rizbe home kitchen,zd1b
creative home k,creative home kitchen,green home kitchen,prpv
creative home k,creative home kitchen,creative kitchen,motv
creative home k,creative home kitchen,the home kitchen,w1sn
creative home k,creative home kitchen,esrat home kitchen,wv2u
creative home k,creative home kitchen,dream home kitchen,cyon
creative home k,creative home kitchen,rafi home kitchen,f5sn
creative home k,creative home kitchen,rakib home kitchen,totv
creative home k,creative home kitchen,creative home kitchen,mm4y
tastebud,tastebud,tastebud,s0wg
tastebud,tastebud,taste buds,s2rr
tastebud,tastebud,tastebud,cmoj
tastebud,tastebud,taste bud,fdku
tastebud,tastebud,tastebud,s0wg
tastebud,tastebud,taste buds,s2rr
tastebud,tastebud,tastebud,cmoj
tastebud,tastebud,taste bud,fdku
tree house,tree house,tree house,s9xk
tree house,tree house,tree house,u1sy
tree house,tree house,treat house,v0ml
tree house,tree house,tree house,p945
tree house,tree house,tree house,dthl
tree house,tree house,tree house,s9xk
tree house,tree house,tree house,u1sy
tree house,tree house,treat house,v0ml
tree house,tree house,tree house,p945
tree house,tree house,tree house,dthl
de flame,de flame,the flame,u5wi
de flame,de flame,red flame,s4li
de flame,de flame,de flame,dz6y
de flame,de flame,the flame,u5wi
de flame,de flame,red flame,s4li
de flame,de flame,de flame,dz6y
oven,oven,oven,hil4
oven,oven,oven,q93w
oven,oven,oven,hil4
oven,oven,oven,q93w
pizza mod,pizza mod,pizza go,u6cv
pizza mod,pizza mod,pizza co,z8lw
pizza mod,pizza mod,pizza on,m1cf
pizza mod,pizza mod,pizza mad,v5tg
pizza mod,pizza mod,pizza co,x6bs
pizza mod,pizza mod,pizza xo,b0du
pizza mod,pizza mod,pizzamo,p82x
pizza mod,pizza mod,pizza monk,iw6s
pizza mod,pizza mod,pizza bd,prjs
pizza mod,pizza mod,pizzamom,uxnq
pizza mod,pizza mod,pizza go,u6cv
pizza mod,pizza mod,pizza co,z8lw
pizza mod,pizza mod,pizza on,m1cf
pizza mod,pizza mod,pizza mad,v5tg
pizza mod,pizza mod,pizza co,x6bs
pizza mod,pizza mod,pizza xo,b0du
pizza mod,pizza mod,pizzamo,p82x
pizza mod,pizza mod,pizza monk,iw6s
pizza mod,pizza mod,pizza bd,prjs
pizza mod,pizza mod,pizzamom,uxnq
holesome,holesome,wholesome,u9jd
holesome,holesome,wholesome,u4db
holesome,holesome,wholesome,u9jd
holesome,holesome,wholesome,u4db
dumpling of fur,dumpling of fury,dumplings of fury,t9ya
dumpling of fur,dumpling of fury,dumplings of fury,t2bi
dumpling of fur,dumpling of fury,dumplings of fury,euwe
dumpling of fur,dumpling of fury,dumplings of fury,faxa
dumpling of fur,dumpling of fury,dumplings of fury,t9ya
dumpling of fur,dumpling of fury,dumplings of fury,t2bi
dumpling of fur,dumpling of fury,dumplings of fury,euwe
dumpling of fur,dumpling of fury,dumplings of fury,faxa
terra bistro gu,terra bistro,terra bistro,s8ve
terra bistro gu,terra bistro,terra bistro,s7ok
terra bistro gu,terra bistro,terra bistro,s8ve
terra bistro gu,terra bistro,terra bistro,s7ok
terra bistro gu,terra bistro,the bistro,x1jh
chillox - mohak,chillox,chillox,s9lq
chillox - mohak,chillox,chillox,o2xs
chillox - mohak,chillox,chillox,s4jr
chillox - mohak,chillox,chillox,u0pq
chillox - mohak,chillox,chillox,s4bl
chillox - mohak,chillox,chillox,s3ac
chillox - mohak,chillox,chill,s6xe
chillox - mohak,chillox,chillox,s4ru
chillox - mohak,chillox,chillax,t5jm
chillox - mohak,chillox,chillox,f430
chillox - mohak,chillox,chillox,y240
chillox - mohak,chillox,chillox,cana
chillox - mohak,chillox,chillox,sb01
chillox - mohak,chillox,chillox,itay
chillox - mohak,chillox,chillix,r5yh
chillox - mohak,chillox,chillox,k0y3
chillox - mohak,chillox,chillux,frkk
chillox - mohak,chillox,chillux,uaac
chillox - mohak,chillox,chillox,jjxw
chillox - mohak,chillox,chillox in,jmrb
chillox - mohak,chillox,chillox,ehzf
chillox - mohak,chillox,chillox,prrq
chillox - mohak,chillox,chillox,tshe
chillox - mohak,chillox,chillox,b7sm
herfy,herfy,herfy,nda6
herfy,herfy,herfy,gt6t
herfy,herfy,herfy,p66p
herfy,herfy,herfy,gj4p
herfy,herfy,herfy,lf0e
herfy,herfy,herfy,qhza
herfy,herfy,herfy,w1oe
herfy,herfy,herfy,nda6
herfy,herfy,herfy,gt6t
herfy,herfy,herfy,p66p
herfy,herfy,herfy,gj4p
herfy,herfy,herfy,lf0e
herfy,herfy,herfy,qhza
herfy,herfy,herfy,w1oe
la jawaab,la jawaab,la jawaab,u7nl
la jawaab,la jawaab,lajawaab,q8vi
la jawaab,la jawaab,la jawaab,iq1p
la jawaab,la jawaab,la jawaab,c9p9
la jawaab,la jawaab,la jawaab,u7nl
la jawaab,la jawaab,lajawaab,q8vi
la jawaab,la jawaab,la jawaab,iq1p
la jawaab,la jawaab,la jawaab,c9p9
oh my rolls,oh my rolls,oh my grill,s4tc
oh my rolls,oh my rolls,oh my grill,s8yn
oh my rolls,oh my rolls,oh my rolls,pyw4
oh my rolls,oh my rolls,oh my rolls,xylf
oh my rolls,oh my rolls,oh my grill,s4tc
oh my rolls,oh my rolls,oh my grill,s8yn
oh my rolls,oh my rolls,oh my rolls,pyw4
oh my rolls,oh my rolls,oh my rolls,xylf
79 pizzeria,79 pizzeria,la pizzeria,s0ly
79 pizzeria,79 pizzeria,n pizzeria,s5dj
79 pizzeria,79 pizzeria,pizzeria,s4qf
79 pizzeria,79 pizzeria,pizzeria,a8bl
79 pizzeria,79 pizzeria,g2 pizzeria,crjq
79 pizzeria,79 pizzeria,pizzeria,u818
79 pizzeria,79 pizzeria,la pizzeria,s0ly
79 pizzeria,79 pizzeria,n pizzeria,s5dj
79 pizzeria,79 pizzeria,pizzeria,s4qf
79 pizzeria,79 pizzeria,pizzeria,a8bl
79 pizzeria,79 pizzeria,g2 pizzeria,crjq
79 pizzeria,79 pizzeria,pizzeria,u818
pizza lover,pizza lover,pizza lover,s4mb
pizza lover,pizza lover,pizza oven,u7js
pizza lover,pizza lover,pizza live,t4aw
pizza lover,pizza lover,pizza live,t2wa
pizza lover,pizza lover,pizza love,u5la
pizza lover,pizza lover,pizza lover's,u3ig
pizza lover,pizza lover,pizza live,t9pt
pizza lover,pizza lover,pizza lovers,fe15
pizza lover,pizza lover,pizza live,t1am
pizza lover,pizza lover,pizza lover’s,vpdn
pizza lover,pizza lover,pizza love -,ka0g
pizza lover,pizza lover,pizza lover,m5na
pizza lover,pizza lover,pizza lover's,p66u
pizza lover,pizza lover,pizza verse,meqq
pizza lover,pizza lover,pizza love,mi6v
pizza lover,pizza lover,the pizza lovers,c9gh
pizza lover,pizza lover,pizza live,dbxb
pizza lover,pizza lover,pizza order,aajj
pizza lover,pizza lover,pizza live,mov5
pizza lover,pizza lover,pizza lover,s4mb
pizza lover,pizza lover,pizza oven,u7js
pizza lover,pizza lover,pizza live,t4aw
pizza lover,pizza lover,pizza live,t2wa
pizza lover,pizza lover,pizza love,u5la
pizza lover,pizza lover,pizza lover's,u3ig
pizza lover,pizza lover,pizza live,t9pt
pizza lover,pizza lover,pizza lovers,fe15
pizza lover,pizza lover,pizza live,t1am
pizza lover,pizza lover,pizza lover’s,vpdn
pizza lover,pizza lover,pizza love -,ka0g
pizza lover,pizza lover,pizza lover,m5na
pizza lover,pizza lover,pizza lover's,p66u
pizza lover,pizza lover,pizza verse,meqq
pizza lover,pizza lover,pizza love,mi6v
pizza lover,pizza lover,the pizza lovers,c9gh
pizza lover,pizza lover,pizza live,dbxb
pizza lover,pizza lover,pizza order,aajj
pizza lover,pizza lover,pizza live,mov5
dine a chaap,dine a chaap,dine a chaap -,adzq
dine a chaap,dine a chaap,dine a chaap -,adzq
baburchi expres,baburchi express,baburchi express,nlge
baburchi expres,baburchi express,baburchi express,nlge
tehari on the g,tehari on the go,tehari on the go -,ousx
tehari on the g,tehari on the go,tehari on the go -,ousx
delhi 6,delhi 6,delhi-6,s4iy
delhi 6,delhi 6,delhi 6 -,ffeq
delhi 6,delhi 6,delhi-6,s4iy
delhi 6,delhi 6,delhi 6 -,ffeq
kung pao,kung pao,kung pao -,ejhq
kung pao,kung pao,kung pao -,ejhq
the chocolate r,the chocolate room bangladesh,the chocolate room,t0xq
the chocolate r,the chocolate room bangladesh,the chocolate room,q4tp
the chocolate r,the chocolate room bangladesh,the chocolate room,pzds
the chocolate r,the chocolate room bangladesh,the chocolate factory,iat5
food pan,pizza lover 96,food path,s6js
food pan,pizza lover 96,food park,aova
food pan,pizza lover 96,food land,t3qr
food pan,pizza lover 96,food park,t3sx
food pan,pizza lover 96,food bank,t4td
food pan,pizza lover 96,food clan,s6nv
food pan,pizza lover 96,food land,t5ys
food pan,pizza lover 96,food bank,m2pf
food pan,pizza lover 96,food park,x1vx
food pan,pizza lover 96,food path,u3zq
food pan,pizza lover 96,food park,ju0e
food pan,pizza lover 96,food park,zmx2
food pan,pizza lover 96,food land,zwty
food pan,pizza lover 96,food land,j5cj
food pan,pizza lover 96,food park,d2nk
food pan,pizza lover 96,food park,c0wp
food pan,pizza lover 96,food path,k6yn
food pan,pizza lover 96,food land,jyev
food pan,pizza lover 96,food land,ic0t
food pan,pizza lover 96,food land,fnda
food pan,pizza lover 96,food pan,e4uw
food pan,pizza lover 96,foody fan,sykv
food pan,pizza lover 96,food park,hx10
food pan,pizza lover 96,food park,muxh
food pan,pizza lover 96,food peon,dm3j
food pan,pizza lover 96,food plan,ci1o
food pan,pizza lover 96,food land,w80c
food pan,pizza lover 96,food park,obnm
food pan,pizza lover 96,foody fan,nnqg
food pan,pizza lover 96,food bank,jduh
food pan,pizza lover 96,food land,g95t
food pan,pizza lover 96,food park,poq0
food pan,pizza lover 96,food park,qra0
food pan,pizza lover 96,food land,j30a
food pan,pizza lover 96,food bank,ahqa
food pan,pizza lover 96,food land,tsc0
food pan,pizza lover 96,food land,bwlp
food pan,pizza lover 96,food clan,elpg
food pan,pizza lover 96,food land,n5l0
food pan,pizza lover 96,food land,lb9q
food pan,pizza lover 96,food land,wod3
food pan,pizza lover 96,food land,jc10
food pan,pizza lover 96,pizza lover,s4mb
food pan,pizza lover 96,pizza love,u5la
food pan,pizza lover 96,pizza lover's,u3ig
food pan,pizza lover 96,pizza lovers,fe15
food pan,pizza lover 96,pizza lover’s,vpdn
food pan,pizza lover 96,pizza love -,ka0g
food pan,pizza lover 96,pizza lover,m5na
food pan,pizza lover 96,pizza lover's,p66u
food pan,pizza lover 96,pizza love,mi6v
crimson cup,crimson cup,crimson cup,s1li
crimson cup,crimson cup,crimson cup,s7im
crimson cup,crimson cup,crimson cup,s2vu
crimson cup,crimson cup,crimson cup bd,u6rd
crimson cup,crimson cup,crimson cup bd,u3si
crimson cup,crimson cup,crimson cup bd,u0zf
crimson cup,crimson cup,crimson cup bd,u2nj
crimson cup,crimson cup,crimson cup,s4es
crimson cup,crimson cup,crimson cup,s5cs
crimson cup,crimson cup,crimson cup bd,w3pj
crimson cup,crimson cup,crimson cup bd,gel4
crimson cup,crimson cup,crimson cup bd,px02
crimson cup,crimson cup,crimson cup bd,xv27
crimson cup,crimson cup,crimson cup bd,d0ra
crimson cup,crimson cup,crimson cup bd,lah2
crimson cup,crimson cup,crimson cup bd,pn16
crimson cup,crimson cup,crimson cup,s1li
crimson cup,crimson cup,crimson cup,s7im
crimson cup,crimson cup,crimson cup,s2vu
crimson cup,crimson cup,crimson cup bd,u6rd
crimson cup,crimson cup,crimson cup bd,u3si
crimson cup,crimson cup,crimson cup bd,u0zf
crimson cup,crimson cup,crimson cup bd,u2nj
crimson cup,crimson cup,crimson cup,s4es
crimson cup,crimson cup,crimson cup,s5cs
crimson cup,crimson cup,crimson cup bd,w3pj
crimson cup,crimson cup,crimson cup bd,gel4
crimson cup,crimson cup,crimson cup bd,px02
crimson cup,crimson cup,crimson cup bd,xv27
crimson cup,crimson cup,crimson cup bd,d0ra
crimson cup,crimson cup,crimson cup bd,lah2
crimson cup,crimson cup,crimson cup bd,pn16
absolute thai,absolute thai,absolute thai,s1zc
absolute thai,absolute thai,absolute thai,ejzc
absolute thai,absolute thai,absolute thai,s1zc
absolute thai,absolute thai,absolute thai,ejzc
top dog,top dog,top dog,iani
top dog,top dog,top dough,d1fk
top dog,top dog,top dog,iani
top dog,top dog,top dough,d1fk
pizzaburg - gul,pizza burg 979,pizza burg,s2yh
pizzaburg - gul,pizza burg 979,pizza burg,s6ko
pizzaburg - gul,pizza burg 979,pizza burg,u4cw
pizzaburg - gul,pizza burg 979,pizza burg,t1vm
pizzaburg - gul,pizza burg 979,pizza burg,s4ma
pizzaburg - gul,pizza burg 979,pizza burg,wb7l
pizzaburg - gul,pizza burg 979,pizza burg,j4me
pizzaburg - gul,pizza burg 979,pizza burg,uc8h
pizzaburg - gul,pizza burg 979,pizza burg,jswd
pizzaburg - gul,pizza burg 979,pizza burg,zeh5
pizzaburg - gul,pizza burg 979,pizza burg,rjjn
pizzaburg - gul,pizza burg 979,pizza burg,gg63
pizzaburg - gul,pizza burg 979,pizza burg,ks5r
pizzaburg - gul,pizza burg 979,pizza burg,jucr
pizzaburg - gul,pizza burg 979,pizza burg,snug
secret recipe,secret recipe,secret recipe,u4jt
secret recipe,secret recipe,secret recipe,u2qd
secret recipe,secret recipe,secret recipe,u7mk
secret recipe,secret recipe,secret recipe,u0tr
secret recipe,secret recipe,secret recipe,u6ik
secret recipe,secret recipe,secret recipe,u0xt
secret recipe,secret recipe,secret recipe,u3ua
secret recipe,secret recipe,secret recipe,u4su
secret recipe,secret recipe,secret recipe,u1ls
secret recipe,secret recipe,secret recipe,u6ov
secret recipe,secret recipe,secret recipe,s4qk
secret recipe,secret recipe,secret recipe -,x4fz
secret recipe,secret recipe,secret recipe,t0td
secret recipe,secret recipe,secret recipe bd,u0xb
secret recipe,secret recipe,secret recipe,kuuh
secret recipe,secret recipe,secret recipe,gyn1
secret recipe,secret recipe,rera secret recipe,paj9
secret recipe,secret recipe,secret recipe,cpbu
secret recipe,secret recipe,secret recipe,prb4
secret recipe,secret recipe,secret recipe,x3df
secret recipe,secret recipe,secret recipe,x6qs
secret recipe,secret recipe,secret recipe,idw3
secret recipe,secret recipe,secret recipe,u4jt
secret recipe,secret recipe,secret recipe,u2qd
secret recipe,secret recipe,secret recipe,u7mk
secret recipe,secret recipe,secret recipe,u0tr
secret recipe,secret recipe,secret recipe,u6ik
secret recipe,secret recipe,secret recipe,u0xt
secret recipe,secret recipe,secret recipe,u3ua
secret recipe,secret recipe,secret recipe,u4su
secret recipe,secret recipe,secret recipe,u1ls
secret recipe,secret recipe,secret recipe,u6ov
secret recipe,secret recipe,secret recipe,s4qk
secret recipe,secret recipe,secret recipe -,x4fz
secret recipe,secret recipe,secret recipe,t0td
secret recipe,secret recipe,secret recipe bd,u0xb
secret recipe,secret recipe,secret recipe,kuuh
secret recipe,secret recipe,secret recipe,gyn1
secret recipe,secret recipe,rera secret recipe,paj9
secret recipe,secret recipe,secret recipe,cpbu
secret recipe,secret recipe,secret recipe,prb4
secret recipe,secret recipe,secret recipe,x3df
secret recipe,secret recipe,secret recipe,x6qs
secret recipe,secret recipe,secret recipe,idw3
tempt - asia re,tempt asia restaurant,tejpata restaurant,s3ga
tempt - asia re,tempt asia restaurant,tania restaurant,e44u
tempt - asia re,tempt asia restaurant,emdadia restaurant,v5be
tempt - asia re,tempt asia restaurant,paksi restaurant,s5hm
tempt - asia re,tempt asia restaurant,eurasia restaurant,gp3h
tempt - asia re,tempt asia restaurant,the panshi restaurant,b37l
tempt - asia re,tempt asia restaurant,tempt-asia restaurant,cmsg
tempt - asia re,tempt asia restaurant,the aviary restaurant,g99j
tempt - asia re,tempt asia restaurant,mahia restaurant,q2aq
tempt - asia re,tempt asia restaurant,maria restaurant,q9a1
tempt - asia re,tempt asia restaurant,pansi restaurant,g1ms
donerci-flaming,donerci flaming doner,donerci - flaming doner,mgt1
food minister,food minister,food master,s5yo
food minister,food minister,food master,g7nz
food minister,food minister,food minister,dt6a
food minister,food minister,foodminister,d0mn
food minister,food minister,food master,ktdc
food minister,food minister,food master,s5yo
food minister,food minister,food master,g7nz
food minister,food minister,food minister,dt6a
food minister,food minister,foodminister,d0mn
food minister,food minister,food master,ktdc
ice-cream lab,ice cream lab,ice cream lab,a82e
ice-cream lab,ice cream lab,ice cream,u7er
ice-cream lab,ice cream lab,ice cream lab,a82e
rice & beyond,rice & beyond,bread & beyond,s0uf
rice & beyond,rice & beyond,bread & beyond,s8cb
rice & beyond,rice & beyond,bread & beyond,t7sf
rice & beyond,rice & beyond,bread & beyond,t6zb
rice & beyond,rice & beyond,bread & beyond,s1iy
rice & beyond,rice & beyond,bread & beyond,t3pp
rice & beyond,rice & beyond,bread & beyond,t0an
rice & beyond,rice & beyond,bread & beyond,t9hp
rice & beyond,rice & beyond,bread & beyond,s8sc
rice & beyond,rice & beyond,bread & beyond,t3cp
rice & beyond,rice & beyond,bread & beyond,t7oo
rice & beyond,rice & beyond,rice & beyond,eb6r
rice & beyond,rice & beyond,bread & beyond,s0uf
rice & beyond,rice & beyond,bread & beyond,s8cb
rice & beyond,rice & beyond,bread & beyond,t7sf
rice & beyond,rice & beyond,bread & beyond,t6zb
rice & beyond,rice & beyond,bread & beyond,s1iy
rice & beyond,rice & beyond,bread & beyond,t3pp
rice & beyond,rice & beyond,bread & beyond,t0an
rice & beyond,rice & beyond,bread & beyond,t9hp
rice & beyond,rice & beyond,bread & beyond,s8sc
rice & beyond,rice & beyond,bread & beyond,t3cp
rice & beyond,rice & beyond,bread & beyond,t7oo
rice & beyond,rice & beyond,rice & beyond,eb6r
doner korner,doner korner,doner korner,ejx2
doner korner,doner korner,doner korner,ejx2
meat church,meat church,meat church,rmgn
meat church,meat church,meat church,rmgn
chowman,chowman,chow-man,jnb2
chowman,chowman,chow-man,jnb2
leisure palongk,leisure palongki,leisure palongki - 2,ospa
leisure palongk,leisure palongki,leisure palongki - 2,ospa
grillers,grillers,grillers,xssu
grillers,grillers,grillers,njwf
grillers,grillers,grillers,xssu
grillers,grillers,grillers,njwf
krispy krust,krispy krust,krispy krust,gmfl
krispy krust,krispy krust,krispy krust,cqre
krispy krust,krispy krust,krispy krust,gmfl
krispy krust,krispy krust,krispy krust,cqre
indian kitchen,indian kitchen,china kitchen,s7vc
indian kitchen,indian kitchen,indian kitchen,s9ev
indian kitchen,indian kitchen,china kitchen,s4pw
indian kitchen,indian kitchen,indian kitchen - jfp,s6hi
indian kitchen,indian kitchen,nadia's kitchen,nnn3
indian kitchen,indian kitchen,zinia's kitchen,u0mb
indian kitchen,indian kitchen,rihan kitchen,w7mt
indian kitchen,indian kitchen,mini kitchen,z1hx
indian kitchen,indian kitchen,indigo kitchen,t6um
indian kitchen,indian kitchen,sinan's kitchen,i0hf
indian kitchen,indian kitchen,adrian kitchen,u3ka
indian kitchen,indian kitchen,tinas kitchen,u6hp
indian kitchen,indian kitchen,mina kitchen,ml8i
indian kitchen,indian kitchen,indian kitchen -,t9oj
indian kitchen,indian kitchen,panda kitchen,u0qv
indian kitchen,indian kitchen,nadia's kitchen,e4jw
indian kitchen,indian kitchen,raida kitchen,u5an
indian kitchen,indian kitchen,nadia's kitchen,xo5e
indian kitchen,indian kitchen,handi kitchen,t0tz
indian kitchen,indian kitchen,the indian kitchen,t9lt
indian kitchen,indian kitchen,tinua kitchen,nq9m
indian kitchen,indian kitchen,indian kitchen - 2,s8tz
indian kitchen,indian kitchen,indian kitchen,u2ty
indian kitchen,indian kitchen,dewan kitchen,zzhv
indian kitchen,indian kitchen,nadia's kitchen,sg9p
indian kitchen,indian kitchen,jinia kitchen,dl3c
indian kitchen,indian kitchen,na kitchen,sxe6
indian kitchen,indian kitchen,sadia kitchen,hpb7
indian kitchen,indian kitchen,ainis kitchen,b51t
indian kitchen,indian kitchen,handi kitchen,qrb6
indian kitchen,indian kitchen,handi kitchen,a3cv
indian kitchen,indian kitchen,anika kitchen,w6u7
indian kitchen,indian kitchen,jinia's kitchen,w5l5
indian kitchen,indian kitchen,dihan's kitchen,v8yp
indian kitchen,indian kitchen,mina kitchen,fa21
indian kitchen,indian kitchen,linda's kitchen,bsdq
indian kitchen,indian kitchen,saida kitchen,lebn
indian kitchen,indian kitchen,diamond kitchen,pqiw
indian kitchen,indian kitchen,anan kitchen,a9ea
indian kitchen,indian kitchen,tania kitchen,jigh
indian kitchen,indian kitchen,nila kitchen,wta1
indian kitchen,indian kitchen,sinha kitchen,liub
indian kitchen,indian kitchen,italian kitchen,i1dk
indian kitchen,indian kitchen,nano kitchen,dpxx
indian kitchen,indian kitchen,dipa kitchen,cw3z
indian kitchen,indian kitchen,handi kitchen,tokc
indian kitchen,indian kitchen,jinia kitchen,ptpc
indian kitchen,indian kitchen,amina kitchen,fhl7
indian kitchen,indian kitchen,anika kitchen,b1ik
indian kitchen,indian kitchen,linda's kitchen,a1w5
indian kitchen,indian kitchen,ishwardian kitchen,wrel
indian kitchen,indian kitchen,nodia's kitchen,qtc2
indian kitchen,indian kitchen,naima kitchen,j8fz
indian kitchen,indian kitchen,anika kitchen,tr7k
indian kitchen,indian kitchen,anika kitchen,ak2f
indian kitchen,indian kitchen,sadia kitchen,hvbi
indian kitchen,indian kitchen,nipa kitchen,qk99
indian kitchen,indian kitchen,nadia's kitchen,xfqp
indian kitchen,indian kitchen,nadia's kitchen,x8fh
indian kitchen,indian kitchen,monia kitchen,ntfu
indian kitchen,indian kitchen,namin kitchen,q76v
indian kitchen,indian kitchen,imran kitchen,mmec
indian kitchen,indian kitchen,nirvana kitchen,gxza
indian kitchen,indian kitchen,an kitchen,p5tb
indian kitchen,indian kitchen,nadia’s kitchen,okks
indian kitchen,indian kitchen,sadia kitchen,zo6s
indian kitchen,indian kitchen,nuria kitchen,m38f
indian kitchen,indian kitchen,anika kitchen,hr73
indian kitchen,indian kitchen,instant kitchen,jbey
indian kitchen,indian kitchen,china kitchen,s7vc
indian kitchen,indian kitchen,indian kitchen,s9ev
indian kitchen,indian kitchen,china kitchen,s4pw
indian kitchen,indian kitchen,indian kitchen - jfp,s6hi
indian kitchen,indian kitchen,nadia's kitchen,nnn3
indian kitchen,indian kitchen,zinia's kitchen,u0mb
indian kitchen,indian kitchen,rihan kitchen,w7mt
indian kitchen,indian kitchen,mini kitchen,z1hx
indian kitchen,indian kitchen,indigo kitchen,t6um
indian kitchen,indian kitchen,sinan's kitchen,i0hf
indian kitchen,indian kitchen,adrian kitchen,u3ka
indian kitchen,indian kitchen,tinas kitchen,u6hp
indian kitchen,indian kitchen,mina kitchen,ml8i
indian kitchen,indian kitchen,indian kitchen -,t9oj
indian kitchen,indian kitchen,panda kitchen,u0qv
indian kitchen,indian kitchen,nadia's kitchen,e4jw
indian kitchen,indian kitchen,raida kitchen,u5an
indian kitchen,indian kitchen,nadia's kitchen,xo5e
indian kitchen,indian kitchen,handi kitchen,t0tz
indian kitchen,indian kitchen,the indian kitchen,t9lt
indian kitchen,indian kitchen,tinua kitchen,nq9m
indian kitchen,indian kitchen,indian kitchen - 2,s8tz
indian kitchen,indian kitchen,indian kitchen,u2ty
indian kitchen,indian kitchen,dewan kitchen,zzhv
indian kitchen,indian kitchen,nadia's kitchen,sg9p
indian kitchen,indian kitchen,jinia kitchen,dl3c
indian kitchen,indian kitchen,na kitchen,sxe6
indian kitchen,indian kitchen,sadia kitchen,hpb7
indian kitchen,indian kitchen,ainis kitchen,b51t
indian kitchen,indian kitchen,handi kitchen,qrb6
indian kitchen,indian kitchen,handi kitchen,a3cv
indian kitchen,indian kitchen,anika kitchen,w6u7
indian kitchen,indian kitchen,jinia's kitchen,w5l5
indian kitchen,indian kitchen,dihan's kitchen,v8yp
indian kitchen,indian kitchen,mina kitchen,fa21
indian kitchen,indian kitchen,linda's kitchen,bsdq
indian kitchen,indian kitchen,saida kitchen,lebn
indian kitchen,indian kitchen,diamond kitchen,pqiw
indian kitchen,indian kitchen,anan kitchen,a9ea
indian kitchen,indian kitchen,tania kitchen,jigh
indian kitchen,indian kitchen,nila kitchen,wta1
indian kitchen,indian kitchen,sinha kitchen,liub
indian kitchen,indian kitchen,italian kitchen,i1dk
indian kitchen,indian kitchen,nano kitchen,dpxx
indian kitchen,indian kitchen,dipa kitchen,cw3z
indian kitchen,indian kitchen,handi kitchen,tokc
indian kitchen,indian kitchen,jinia kitchen,ptpc
indian kitchen,indian kitchen,amina kitchen,fhl7
indian kitchen,indian kitchen,anika kitchen,b1ik
indian kitchen,indian kitchen,linda's kitchen,a1w5
indian kitchen,indian kitchen,ishwardian kitchen,wrel
indian kitchen,indian kitchen,nodia's kitchen,qtc2
indian kitchen,indian kitchen,naima kitchen,j8fz
indian kitchen,indian kitchen,anika kitchen,tr7k
indian kitchen,indian kitchen,anika kitchen,ak2f
indian kitchen,indian kitchen,sadia kitchen,hvbi
indian kitchen,indian kitchen,nipa kitchen,qk99
indian kitchen,indian kitchen,nadia's kitchen,xfqp
indian kitchen,indian kitchen,nadia's kitchen,x8fh
indian kitchen,indian kitchen,monia kitchen,ntfu
indian kitchen,indian kitchen,namin kitchen,q76v
indian kitchen,indian kitchen,imran kitchen,mmec
indian kitchen,indian kitchen,nirvana kitchen,gxza
indian kitchen,indian kitchen,an kitchen,p5tb
indian kitchen,indian kitchen,nadia’s kitchen,okks
indian kitchen,indian kitchen,sadia kitchen,zo6s
indian kitchen,indian kitchen,nuria kitchen,m38f
indian kitchen,indian kitchen,anika kitchen,hr73
indian kitchen,indian kitchen,instant kitchen,jbey
lulu's fryhouse,lulu's fryhouse,lulu's fryhouse,pzdj
lulu's fryhouse,lulu's fryhouse,lulu's fryhouse,pzdj
knack,knack,knack,ewqj
knack,knack,knack,dus8
knack,knack,knack,ewqj
knack,knack,knack,dus8
kona cafe,kona cafe,bon cafe,s0ov
kona cafe,kona cafe,bon cafe,s9db
kona cafe,kona cafe,koyla cafe,u1rt
kona cafe,kona cafe,bon cafe,s4so
kona cafe,kona cafe,bon cafe,hd6s
kona cafe,kona cafe,sonai cafe,jhyz
kona cafe,kona cafe,kona cafe,o092
kona cafe,kona cafe,kona cafe,Feb1
kona cafe,kona cafe,bon cafe,s0ov
kona cafe,kona cafe,bon cafe,s9db
kona cafe,kona cafe,koyla cafe,u1rt
kona cafe,kona cafe,bon cafe,s4so
kona cafe,kona cafe,bon cafe,hd6s
kona cafe,kona cafe,sonai cafe,jhyz
kona cafe,kona cafe,kona cafe,o092
kona cafe,kona cafe,kona cafe,Feb1
sweet street,sweet street,eat street,s5qg
sweet street,sweet street,eat street,vz43
sweet street,sweet street,sweet street -,dvs9
sweet street,sweet street,sweet treat,tw5e
sweet street,sweet street,eat street,s5qg
sweet street,sweet street,eat street,vz43
sweet street,sweet street,sweet street -,dvs9
sweet street,sweet street,sweet treat,tw5e
thai bistro,thai bistro,thai bistro,s1km
thai bistro,thai bistro,thai bistro - 2,s3lj
thai bistro,thai bistro,the bistro,x1jh
thai bistro,thai bistro,thai bistro,s1km
thai bistro,thai bistro,thai bistro - 2,s3lj
thai bistro,thai bistro,the bistro,x1jh
cafe marios,cafe marios,cafe marine,t7us
cafe marios,cafe marios,cafe mario's,s9nr
cafe marios,cafe marios,cafe arisha,u4rc
cafe marios,cafe marios,cafe paris,s1hl
cafe marios,cafe marios,cafe marico,m2u4
cafe marios,cafe marios,cafe mariot,hbn1
cafe marios,cafe marios,cafe rio,rudq
cafe marios,cafe marios,cafe marine,t7us
cafe marios,cafe marios,cafe mario's,s9nr
cafe marios,cafe marios,cafe arisha,u4rc
cafe marios,cafe marios,cafe paris,s1hl
cafe marios,cafe marios,cafe marico,m2u4
cafe marios,cafe marios,cafe mariot,hbn1
cafe marios,cafe marios,cafe rio,rudq
hungry pizza l,hungry pizza lovers,hungry pizza lovers,s6vq
hungry pizza l,hungry pizza lovers,hungry lovers,s6lv
hungry pizza l,hungry pizza lovers,hungry pizza lovers,s6vq
hungry pizza l,hungry pizza lovers,hungry pizza lovers - banani,hpuz
friggy's (tejga,friggy's,friggy's,st56
friggy's (tejga,friggy's,friggy's,igz8
friggy's (tejga,friggy's,friggy's,ytp8
party pizza (te,party pizza,party pizza house,bsz3
party pizza (te,party pizza,party pizza,ev1n
party pizza (te,party pizza,party pizza,pv6q
party pizza (te,party pizza,tasty pizza,c6mz
party pizza (te,party pizza,party pizza,ev1n
party pizza (te,party pizza,party pizza,pv6q
party pizza (te,party pizza,paris pizza,z016
snackmate (tejg,snackmate,snackmate,ciu2
snackmate (tejg,snackmate,snackmate,tfo5
snackmate (tejg,snackmate,snackmate,cakf
snackmate (tejg,snackmate,snackmate,ea7w
snackmate (tejg,snackmate,snackmate,dzzi
snackmate (tejg,snackmate,snackmate,pggx
snackmate (tejg,snackmate,snackmate,h52v
snackmate (tejg,snackmate,snackmate,pa4y
fuiyoh (tejgaon,fuiyoh,fuiyoh,k2kk
fuiyoh (tejgaon,fuiyoh,fuiyoh,wewp
smokie patty gu,smokie patty,smokie patty -,oxgq
smokie patty gu,smokie patty,smokie patty -,oxgq
smokie patty gu,smokie patty,smokin' patty,xvkb
smokie patty gu,smokie patty,smokin' patty,rk2w
smokie patty gu,smokie patty,smoking patty,fo8o
munch mafia,munch mafia,lunch mafia,b4oc
munch mafia,munch mafia,lunch mafia -,szp0
munch mafia,munch mafia,lunch mafia,b4oc
munch mafia,munch mafia,lunch mafia -,szp0
oshi sushis,oshi sushis,oshisushis,f6py
oshi sushis,oshi sushis,hashi sushi,n9gc
oshi sushis,oshi sushis,oshisushis,f6py
oshi sushis,oshi sushis,hashi sushi,n9gc
espresso house,espresso house,espresso house,jzsv
espresso house,espresso house,espresso house,jzsv
sushi house,sushi house,sushi house,csw6
sushi house,sushi house,sufi house,s1wt
sushi house,sushi house,luchi house,dqsa
sushi house,sushi house,sushi house,csw6
sushi house,sushi house,sufi house,s1wt
sushi house,sushi house,luchi house,dqsa
dragon eye,dragon eye,dragon eye,zlhp
dragon eye,dragon eye,dragon eye,zlhp
royal korean cu,royal korean cuisine,royal korean cuisine,xbj9
royal korean cu,royal korean cuisine,royal korean cuisine,xbj9
samurai sushi k,samurai sushi kitchen,amra deshi kitchen,etos
moolicious,moolicious,moolicious,t2xe
moolicious,moolicious,foodelicious,nkfc
moolicious,moolicious,moolicious,z76m
moolicious,moolicious,moolicious,t2xe
moolicious,moolicious,foodelicious,nkfc
moolicious,moolicious,moolicious,z76m
moolicious.,moolicious 987,moolicious,t2xe
moolicious.,moolicious 987,moolicious,z76m
moolicious.,moolicious 987,moolicious,t2xe
moolicious.,moolicious 987,moolicious,z76m
waffeloo,waffeloo,waffeloo -,xgkj
waffeloo,waffeloo,waffeloo,vlor
waffeloo,waffeloo,waffeloo -,xgkj
waffeloo,waffeloo,waffeloo,vlor
burger oppa (te,burger oppa tejgaon,burger oppa,ef8l
burger oppa (te,burger oppa tejgaon,burger oppa,b768
burger oppa (te,burger oppa tejgaon,burger oppa,iq8d
chef signature ,chef signature kitchen,chef signature,w14e
chef signature ,chef signature kitchen,cafe signature,qwcx
chef signature ,chef signature kitchen,café signature,q7gu
chef signature ,chef signature kitchen,chef's signature,c7z7
chef signature ,chef signature kitchen,chef’s signature,b60j
chef signature ,chef signature kitchen,signature kitchen bd,wr5c
chef signature ,chef signature kitchen,signature kitchen,fhr7
chef signature ,chef signature kitchen,signature kitchen-cp,sxc9
hungry people's,hungry people's,hungry peoples,s0uu
hungry people's,hungry people's,hungry peeps,t2lf
hungry people's,hungry people's,hungry people's,z6sq
hungry people's,hungry people's,hungry people's,lzb7
hungry people's,hungry people's,hungry peoples,s0uu
hungry people's,hungry people's,hungry peeps,t2lf
hungry people's,hungry people's,hungry people's,z6sq
hungry people's,hungry people's,hungry people's,lzb7
hangrry (tejgao,hangrry (tejgaon) by onnow,hangrry tejgaon by onnow,ni06
hari bari,hari bari,ahar bari,s4wo
hari bari,hari bari,khati bari,x0fk
hari bari,hari bari,achar bari,g6pu
hari bari,hari bari,achar bari,e1my
hari bari,hari bari,nihari bari,r342
hari bari,hari bari,hari bari,r1gh
hari bari,hari bari,ahar bari,fdzs
hari bari,hari bari,cha bari,jku9
hari bari,hari bari,haribihari,y0mw
hari bari,hari bari,ahar bari,s4wo
hari bari,hari bari,khati bari,x0fk
hari bari,hari bari,achar bari,g6pu
hari bari,hari bari,achar bari,e1my
hari bari,hari bari,nihari bari,r342
hari bari,hari bari,hari bari,r1gh
hari bari,hari bari,ahar bari,fdzs
hari bari,hari bari,cha bari,jku9
hari bari,hari bari,haribihari,y0mw
burger oppa (gu,burger oppa (gulshan 2) by onnow,burger oppa,ef8l
burger oppa (gu,burger oppa (gulshan 2) by onnow,burger oppa,b768
burger oppa (gu,burger oppa (gulshan 2) by onnow,burger oppa,iq8d
food lover,food lover,food lover,a9im
food lover,food lover,food live,a9lv
food lover,food lover,food lover,u3fr
food lover,food lover,food lovers,t3hu
food lover,food lover,food lovers,s4mf
food lover,food lover,food lovers,u3lf
food lover,food lover,food lover,x9qo
food lover,food lover,food lover,yot6
food lover,food lover,food lovers -,g9fv
food lover,food lover,food lovers,shcd
food lover,food lover,food lovers,hyif
food lover,food lover,food lover,pedc
food lover,food lover,food lover,fdc8
food lover,food lover,food lovers,mcs8
food lover,food lover,food lover,rcg5
food lover,food lover,food lover,uop7
food lover,food lover,food lover,m7ue
food lover,food lover,food lover,ecm7
food lover,food lover,food lovers,xhqf
food lover,food lover,food lover,j5qa
food lover,food lover,food lovers,hn6j
food lover,food lover,food love,j4a2
food lover,food lover,food lover,a1ip
food lover,food lover,food lover,e49t
food lover,food lover,food lovers,mbeh
food lover,food lover,food lovers,iaw2
food lover,food lover,food love,drjw
food lover,food lover,food lover,oqwm
food lover,food lover,food lover,l95u
food lover,food lover,food lover,z41m
food lover,food lover,food lovers,clad
food lover,food lover,food love,dv2y
food lover,food lover,food lover,a9im
food lover,food lover,food live,a9lv
food lover,food lover,food lover,u3fr
food lover,food lover,food lovers,t3hu
food lover,food lover,food lovers,s4mf
food lover,food lover,food lovers,u3lf
food lover,food lover,food lover,x9qo
food lover,food lover,food lover,yot6
food lover,food lover,food lovers -,g9fv
food lover,food lover,food lovers,shcd
food lover,food lover,food lovers,hyif
food lover,food lover,food lover,pedc
food lover,food lover,food lover,fdc8
food lover,food lover,food lovers,mcs8
food lover,food lover,food lover,rcg5
food lover,food lover,food lover,uop7
food lover,food lover,food lover,m7ue
food lover,food lover,food lover,ecm7
food lover,food lover,food lovers,xhqf
food lover,food lover,food lover,j5qa
food lover,food lover,food lovers,hn6j
food lover,food lover,food love,j4a2
food lover,food lover,food lover,a1ip
food lover,food lover,food lover,e49t
food lover,food lover,food lovers,mbeh
food lover,food lover,food lovers,iaw2
food lover,food lover,food love,drjw
food lover,food lover,food lover,oqwm
food lover,food lover,food lover,l95u
food lover,food lover,food lover,z41m
food lover,food lover,food lovers,clad
food lover,food lover,food love,dv2y
la pizzaiolo,la pizzaiolo,la pizzaiolo,axqo
la pizzaiolo,la pizzaiolo,la pizzaiolo,axqo
food orchid,food orchid,food orchid,l5u2
food orchid,food orchid,food orchid,l5u2
national hotel ,national hotel and restaurant,maa hotel and restaurant,l5ix
national hotel ,national hotel and restaurant,harun hotel and restaurant,t3we
national hotel ,national hotel and restaurant,patuk nayori hotel and restaurant,s5vy
national hotel ,national hotel and restaurant,mayer doa hotel and restaurant,t3dl
national hotel ,national hotel and restaurant,rabbani hotel and restaurant,s5mk
national hotel ,national hotel and restaurant,rabbani hotel and restaurant,u0yd
national hotel ,national hotel and restaurant,niloy hotel and restaurant,wdvs
national hotel ,national hotel and restaurant,barisal hotel and restaurant,t7lv
national hotel ,national hotel and restaurant,aahar hotel and restaurant,d44g
national hotel ,national hotel and restaurant,tiptop hotel and restaurant,t9yp
national hotel ,national hotel and restaurant,moyna hotel and restaurant,t4zo
national hotel ,national hotel and restaurant,star hotel and restaurant,t4gd
national hotel ,national hotel and restaurant,patuakhali hotel and restaurant,t9sl
national hotel ,national hotel and restaurant,ma hotel and restaurant,l8jz
national hotel ,national hotel and restaurant,belal hotel and restaurant,t3eu
national hotel ,national hotel and restaurant,jamalpur hotel and restaurant,s4hb
national hotel ,national hotel and restaurant,alom hotel and restaurant,t8fi
national hotel ,national hotel and restaurant,talukder hotel and restaurant,a0st
national hotel ,national hotel and restaurant,singhair hotel and restaurant,p4vd
national hotel ,national hotel and restaurant,sin sinha hotel and restaurant,c5ku
national hotel ,national hotel and restaurant,pantho kunjo hotel and restaurant,u1ys
national hotel ,national hotel and restaurant,hamja hotel and restaurant,u3nx
national hotel ,national hotel and restaurant,bangla hotel and restaurant,s5gh
national hotel ,national hotel and restaurant,talukdar hotel and restaurant,t8ms
national hotel ,national hotel and restaurant,limon hotel and restaurant,t8sy
national hotel ,national hotel and restaurant,ghorowa hotel and restaurant,t0pr
national hotel ,national hotel and restaurant,niribili hotel and restaurant,b4uv
national hotel ,national hotel and restaurant,alauddin hotel and restaurant,t5ff
national hotel ,national hotel and restaurant,mama hotel and restaurant,s5de
national hotel ,national hotel and restaurant,janani hotel and restaurant,t7lt
national hotel ,national hotel and restaurant,molla hotel and restaurant,t2mq
national hotel ,national hotel and restaurant,vai vai hotel and restaurant,u4di
national hotel ,national hotel and restaurant,sonali hotel and restaurant,u2lg
national hotel ,national hotel and restaurant,arafat hotel and restaurant,t5pn
national hotel ,national hotel and restaurant,megna hotel and restaurant,muz3
national hotel ,national hotel and restaurant,janata hotel & restaurant,x8dl
national hotel ,national hotel and restaurant,babu hotel and restaurant,u9vj
national hotel ,national hotel and restaurant,sirin hotel and restaurant,t2ku
national hotel ,national hotel and restaurant,monjila hotel and restaurant,t8og
national hotel ,national hotel and restaurant,falguni hotel and restaurant,t0wz
national hotel ,national hotel and restaurant,joli hotel and restaurant,t8uh
national hotel ,national hotel and restaurant,ratul hotel and restaurant,t7jl
national hotel ,national hotel and restaurant,oriental hotel and restaurant,u5kx
national hotel ,national hotel and restaurant,nila hotel & restaurant,u7zm
national hotel ,national hotel and restaurant,sofura hotel and restaurant,t1eb
national hotel ,national hotel and restaurant,new hotel and restaurant,t3wu
national hotel ,national hotel and restaurant,rahim hotel and restaurant,t6jc
national hotel ,national hotel and restaurant,green bangla hotel and restaurant,t1xv
national hotel ,national hotel and restaurant,al helal hotel and restaurant,aspt
national hotel ,national hotel and restaurant,arif hotel and restaurant,t2kc
national hotel ,national hotel and restaurant,asian hotel and restaurant,i3dh
national hotel ,national hotel and restaurant,riad hotel and restaurant,u8yv
national hotel ,national hotel and restaurant,nasrin hotel & restaurant,t0cp
national hotel ,national hotel and restaurant,ghoroa hotel and restaurant,s9ig
national hotel ,national hotel and restaurant,ananda hotel and resturant,t6mo
national hotel ,national hotel and restaurant,sikdar hotel and restaurant,u9ov
national hotel ,national hotel and restaurant,rangpur hotel and restaurant,o9ah
national hotel ,national hotel and restaurant,siam hotel and restaurant,t5qy
national hotel ,national hotel and restaurant,ghoroa hotel and restaurant,uqx1
national hotel ,national hotel and restaurant,al modina hotel and restaurant,zjvw
national hotel ,national hotel and restaurant,thikana hotel and restaurant,u2ca
national hotel ,national hotel and restaurant,lavlu hotel and restaurant,u0hg
national hotel ,national hotel and restaurant,nirala hotel & restaurant,u3bt
national hotel ,national hotel and restaurant,nadia hotel & restaurant,e62f
national hotel ,national hotel and restaurant,safi hotel and restaurant,t7hm
national hotel ,national hotel and restaurant,somota hotel and restaurant,t1he
national hotel ,national hotel and restaurant,shamim hotel and restaurant,u5rz
national hotel ,national hotel and restaurant,santi hotel and restaurant,r6xp
national hotel ,national hotel and restaurant,vai vai hotel and restaurant,p4fc
national hotel ,national hotel and restaurant,lashib hotel and restaurant,wubs
national hotel ,national hotel and restaurant,tin konna hotel & restaurant,tj4w
national hotel ,national hotel and restaurant,jonota hotel and restaurant,u1yk
national hotel ,national hotel and restaurant,purnima hotel and restaurant,t8mj
national hotel ,national hotel and restaurant,shahi hotel and restaurant,r6rs
national hotel ,national hotel and restaurant,jashim molla hotel and restaurant,t7po
national hotel ,national hotel and restaurant,mezban hotel and restaurant,b8og
national hotel ,national hotel and restaurant,bhai bhai hotel and restaurant,t0sd
national hotel ,national hotel and restaurant,munna hotel and restaurant,t6en
national hotel ,national hotel and restaurant,mayer doa hotel and restaurant,lvyz
national hotel ,national hotel and restaurant,munia hotel and restaurant,t6no
national hotel ,national hotel and restaurant,saddam hotel and restaurant,t7jm
national hotel ,national hotel and restaurant,jannat hotel and restaurant,u7ap
national hotel ,national hotel and restaurant,a k king hotel and restaurant,v0c6
national hotel ,national hotel and restaurant,al madina hotel and restaurant,t8xc
national hotel ,national hotel and restaurant,alomgir hotel and restaurant,f9py
national hotel ,national hotel and restaurant,raju hotel and restaurant,bt1w
national hotel ,national hotel and restaurant,annur hotel and restaurant,s9ez
national hotel ,national hotel and restaurant,dorbar hotel and restaurant,s8gg
national hotel ,national hotel and restaurant,toronto hotel and restaurant,t7mw
national hotel ,national hotel and restaurant,kamal hotel and restaurant,u4kt
national hotel ,national hotel and restaurant,ornopurna hotel and restaurant,t4cb
national hotel ,national hotel and restaurant,asia hotel and restaurant -,h1gw
national hotel ,national hotel and restaurant,sazzad hotel and restaurant,t0jh
national hotel ,national hotel and restaurant,nur ahmad hotel and restaurant,u8vf
national hotel ,national hotel and restaurant,habib hotel and restaurant,t5pm
national hotel ,national hotel and restaurant,ontorongo hotel and restaurant,t7iw
national hotel ,national hotel and restaurant,salma hotel and restaurant,u4ot
national hotel ,national hotel and restaurant,anabia hotel & restaurant,u8xt
national hotel ,national hotel and restaurant,munni hotel and restaurant,u4vo
national hotel ,national hotel and restaurant,moubon hotel and restaurant,t4cv
national hotel ,national hotel and restaurant,new zinzira hotel and restaurant,u4gq
national hotel ,national hotel and restaurant,nirob hotel and restaurant - 1,k9wa
national hotel ,national hotel and restaurant,sonar bangla hotel and restaurant,v3sp
national hotel ,national hotel and restaurant,radia hotel and restaurant,d5eq
national hotel ,national hotel and restaurant,kajol hotel and restaurant,c7ky
national hotel ,national hotel and restaurant,ma hotel and restaurant,hl23
national hotel ,national hotel and restaurant,tahsin hotel and restaurant,a9lw
national hotel ,national hotel and restaurant,dawat hotel and restaurant,ivvc
national hotel ,national hotel and restaurant,munni hotel and restaurant,gtnb
national hotel ,national hotel and restaurant,gazi hotel and restaurant 2,iw78
national hotel ,national hotel and restaurant,diamond hotel and restaurant,vhn7
national hotel ,national hotel and restaurant,bithi hotel and restaurant,c5ra
national hotel ,national hotel and restaurant,samim hotel and restaurant,o2yg
national hotel ,national hotel and restaurant,sainik hotel and restaurant,aakn
national hotel ,national hotel and restaurant,mordan hotel and restaurant,ls33
national hotel ,national hotel and restaurant,new star hotel and restaurant,d0ld
national hotel ,national hotel and restaurant,asha hotel and restaurant,lsf2
national hotel ,national hotel and restaurant,riyad hotel and restaurant,qkrw
national hotel ,national hotel and restaurant,pallabi hotel and restaurant,f818
national hotel ,national hotel and restaurant,green bangla hotel and restaurant,xiwv
national hotel ,national hotel and restaurant,rabbani hotel and restaurant,b6et
national hotel ,national hotel and restaurant,osman hotel and restaurant,y0kx
national hotel ,national hotel and restaurant,osman hotel and restaurant,m6ku
national hotel ,national hotel and restaurant,new maa hotel and restaurant,l7rt
national hotel ,national hotel and restaurant,akash hotel and restaurant,w3yn
national hotel ,national hotel and restaurant,baizid hotel and restaurant,lqu3
national hotel ,national hotel and restaurant,gowsia hotel and restaurant,w3ha
national hotel ,national hotel and restaurant,hotel and restaurant,utqi
national hotel ,national hotel and restaurant,kacha lonka hotel and restaurant,q5ft
national hotel ,national hotel and restaurant,nasira hotel and restaurant,rku2
national hotel ,national hotel and restaurant,nur hotel and restaurant,vovr
national hotel ,national hotel and restaurant,rajmoni hotel and restaurant,mktt
national hotel ,national hotel and restaurant,bogra hotel and restaurant,px3x
national hotel ,national hotel and restaurant,sonargaon hotel and restaurant,vxmy
national hotel ,national hotel and restaurant,hotel and restaurant,o2fm
national hotel ,national hotel and restaurant,radhuni hotel and restaurant,m5tv
national hotel ,national hotel and restaurant,ma hotel and restaurant,fwlf
national hotel ,national hotel and restaurant,nur hotel and restaurant,tlw3
national hotel ,national hotel and restaurant,lobongo hotel and restaurant,sirs
national hotel ,national hotel and restaurant,bahadur hotel and restaurant,atrk
national hotel ,national hotel and restaurant,new modina hotel and restaurant,r7wc
national hotel ,national hotel and restaurant,ramisa hotel and restaurant,hc5t
national hotel ,national hotel and restaurant,al-amin hotel and restaurant,r7eg
national hotel ,national hotel and restaurant,nirob 2 hotel and restaurant,rp2q
national hotel ,national hotel and restaurant,satata hotel and restaurant,n6qm
national hotel ,national hotel and restaurant,nur hotel and restaurant,w1iw
national hotel ,national hotel and restaurant,ananna hotel & restaurant,m0zl
national hotel ,national hotel and restaurant,kashful hotel and restaurant,kw60
national hotel ,national hotel and restaurant,khan hotel and restaurant,ujsj
national hotel ,national hotel and restaurant,riad hotel and restaurant,oevt
national hotel ,national hotel and restaurant,asia hotel & restaurant,f3tc
national hotel ,national hotel and restaurant,janata hotel and restaurant,gwzz
national hotel ,national hotel and restaurant,mayer doa hotel and restaurant,k395
national hotel ,national hotel and restaurant,nadia hotel and restaurant,i7oi
national hotel ,national hotel and restaurant,royal hotel and restaurant,txe5
national hotel ,national hotel and restaurant,alifa hotel and restaurant,j3ul
national hotel ,national hotel and restaurant,swad hotel and restaurant,arjr
national hotel ,national hotel and restaurant,nayeem hotel and restaurant,lro2
national hotel ,national hotel and restaurant,hasib hotel and restaurant,c9jd
national hotel ,national hotel and restaurant,biroti hotel and restaurant,gts5
national hotel ,national hotel and restaurant,fantasy hotel and restaurant,k73x
national hotel ,national hotel and restaurant,alif hotel and restaurant,i6j7
national hotel ,national hotel and restaurant,zam zam hotel and restaurant,ch5f
national hotel ,national hotel and restaurant,new nashmika hotel and restaurant,eyed
national hotel ,national hotel and restaurant,ghoroa hotel and restaurant,jfzm
national hotel ,national hotel and restaurant,capital hotel and restaurant,fpzv
national hotel ,national hotel and restaurant,daruchini hotel and restaurant,h9df
national hotel ,national hotel and restaurant,jhontu hotel and restaurant,ccha
national hotel ,national hotel and restaurant,bhuiyan hotel and restaurant,tm6q
national hotel ,national hotel and restaurant,imran hotel and restaurant,rmud
national hotel ,national hotel and restaurant,lamia hotel and restaurant,el7k
national hotel ,national hotel and restaurant,rana hotel & restaurant,j2ri
national hotel ,national hotel and restaurant,ashraf hotel and restaurant,tdzw
national hotel ,national hotel and restaurant,anis hotel and restaurant,sbzq
national hotel ,national hotel and restaurant,paprika hotel and restaurant,mz2q
national hotel ,national hotel and restaurant,radhuni hotel and restaurant,rkg1
national hotel ,national hotel and restaurant,new taaj hotel and restaurant,llw4
national hotel ,national hotel and restaurant,vai bon hotel and restaurant,dpxq
national hotel ,national hotel and restaurant,shyamoli hotel and restaurant,q1ld
national hotel ,national hotel and restaurant,shahin hotel and restaurant,zlm6
national hotel ,national hotel and restaurant,sharif hotel and restaurant,xfpx
national hotel ,national hotel and restaurant,faraaz hotel and restaurant,p3zi
national hotel ,national hotel and restaurant,bottola hotel and restaurant,lbjo
national hotel ,national hotel and restaurant,farid hotel and restaurant,y4tf
national hotel ,national hotel and restaurant,shakib hotel and restaurant,xif3
national hotel ,national hotel and restaurant,rana hotel and restaurant,ckgn
national hotel ,national hotel and restaurant,tamim hotel and restaurant,oias
national hotel ,national hotel and restaurant,barisal 1 hotel and restaurant,sogt
national hotel ,national hotel and restaurant,new vai vai hotel and restaurant,o7od
national hotel ,national hotel and restaurant,antora hotel & restaurant,pbjb
national hotel ,national hotel and restaurant,ehan hotel and restaurant,m4e9
national hotel ,national hotel and restaurant,barisal hotel and restaurant,utfz
national hotel ,national hotel and restaurant,hasi hotel and restaurant,d3jg
fiore rooftop,fiore rooftop,fiore rooftop,dq9u
fiore rooftop,fiore rooftop,fiore rooftop,dq9u
spicy shawarma ,spicy shawarma house,spicy shawarma house,xuf5
spicy shawarma ,spicy shawarma house,classic shawarma house,s0om
spicy shawarma ,spicy shawarma house,shawarma house,s4sl
spicy shawarma ,spicy shawarma house,shawarma house,t1ki
spicy shawarma ,spicy shawarma house,shawarma house,s7sk
spicy shawarma ,spicy shawarma house,shawarma house,prne
spicy shawarma ,spicy shawarma house,spicy food & shawarma house,u0xd
spicy shawarma ,spicy shawarma house,baily shawarma house,s9zx
spicy shawarma ,spicy shawarma house,mexican shawarma house,u0hy
spicy shawarma ,spicy shawarma house,shawarma house,pp32
spicy shawarma ,spicy shawarma house,shawarma house,h9dg
spicy shawarma ,spicy shawarma house,kosturi shawarma house,imkz
spicy shawarma ,spicy shawarma house,pfc shawarma house,x0n0
spicy shawarma ,spicy shawarma house,sss shawarma house,chok
spicy shawarma ,spicy shawarma house,spicy shawarma house,xuf5
spicy shawarma ,spicy shawarma house,shawarma house,mydz
spicy shawarma ,spicy shawarma house,shawarma house,nk6m
spicy shawarma ,spicy shawarma house,shawarma house,c2pw
spicy shawarma ,spicy shawarma house,shawarma house,hurn
meat n cheez (m,meat n cheez,meat n cheez,xuub
meat n cheez (m,meat n cheez,meat n cheez,xuub
burgerian,burgerian,burgerita,t1qv
burgerian,burgerian,burgerista,t7kz
burgerian,burgerian,burgerio,t6pv
burgerian,burgerian,burger man,rjs7
burgerian,burgerian,burger man,u6vz
burgerian,burgerian,burgerlink,ippp
burgerian,burgerian,burgeria,al2d
burgerian,burgerian,burgerians,p4ef
burgerian,burgerian,burger man,cdns
burgerian,burgerian,burgerganj,e628
burgerian,burgerian,burgerita,ygqp
burgerian,burgerian,burgerita,feqq
burgerian,burgerian,burgerian,tqi8
burgerian,burgerian,burgerians,ui70
burgerian,burgerian,burger man,g8lz
burgerian,burgerian,burgerita,t1qv
burgerian,burgerian,burgerista,t7kz
burgerian,burgerian,burgerio,t6pv
burgerian,burgerian,burger man,rjs7
burgerian,burgerian,burger man,u6vz
burgerian,burgerian,burgerlink,ippp
burgerian,burgerian,burgeria,al2d
burgerian,burgerian,burgerians,p4ef
burgerian,burgerian,burger man,cdns
burgerian,burgerian,burgerganj,e628
burgerian,burgerian,burgerita,ygqp
burgerian,burgerian,burgerita,feqq
burgerian,burgerian,burgerian,tqi8
burgerian,burgerian,burgerians,ui70
burgerian,burgerian,burger man,g8lz
wafflo,wafflo,waffeloo,vlor
wafflo,wafflo,waffeloo,vlor
mealbox,meat box,mealbox,z7vx
mealbox,meat box,meal box,z0rx
mealbox,meat box,meal box,yx5c
mealbox,meat box,meal box,ynu5
mealbox,meat box,meal box,tuqn
mealbox,meat box,meal box,n3xe
mealbox,meat box,meat box,m8dp
mealbox,meat box,treat box,t9xo
mealbox,meat box,meal box,z0rx
mealbox,meat box,meal box,yx5c
mealbox,meat box,meat box,gyuh
mealbox,meat box,meal box,ynu5
mealbox,meat box,meal box,tuqn
mealbox,meat box,meal box,n3xe
grand prince ho,grand prince hotel,grand prince hotel,yrxd
grand prince ho,grand prince hotel,rafin rice hotel,t9ne
grand prince ho,grand prince hotel,grand prince hotel,yrxd
crust and beans,crust and beans,crust and beans,t5xw
crust and beans,crust and beans,crust and beans,t5xw
momo bristo,momo bristo,momo bistro,c499
momo bristo,momo bristo,momo bistro,c499
pizza paradise,pizza paradise,pizza paradise,jqy1
pizza paradise,pizza paradise,pizza paradise,s0t9
pizza paradise,pizza paradise,pizza paradise,f280
pizza paradise,pizza paradise,pizza paradiso bd,lf6c
pizza paradise,pizza paradise,pizza paradise,jqy1
pizza paradise,pizza paradise,pizza paradise,s0t9
pizza paradise,pizza paradise,pizza paradise,f280
pizza paradise,pizza paradise,pizza paradiso bd,lf6c
waffle time - m,waffel time,waffle time,wj2z
waffle time - m,waffel time,waffle time,yr02
waffle time - m,waffel time,waffle time,rzly
waffle time - m,waffel time,waffle time,bsqt
waffle time - m,waffel time,waffle time,py3t
waffle time - m,waffel time,waffle time,sti0
waffle time - m,waffel time,waffle time,yrrj
waffle time - m,waffel time,waffle time,dlms
waffle time - m,waffel time,waffle time,mpz9
waffle time - m,waffel time,waffle time,yo5g
waffle time - m,waffel time,waffle time,ln9s
waffle time - m,waffel time,waffle time,rgxj
waffle time - m,waffel time,waffle time,wa7b
waffle time - m,waffel time,waffle time,lllj
waffle time - m,waffel time,waffle time,wj2z
waffle time - m,waffel time,waffle time,yr02
waffle time - m,waffel time,waffle time,rzly
waffle time - m,waffel time,waffle time,bsqt
waffle time - m,waffel time,waffle time,py3t
waffle time - m,waffel time,waffle time,sti0
waffle time - m,waffel time,waffle time,yrrj
waffle time - m,waffel time,waffle time,dlms
waffle time - m,waffel time,waffle time,mpz9
waffle time - m,waffel time,waffle time,yo5g
waffle time - m,waffel time,waffle time,ln9s
waffle time - m,waffel time,waffle time,rgxj
waffle time - m,waffel time,waffle time,wa7b
waffle time - m,waffel time,waffle time,lllj
burger xpress,burger xpress,the burger express,iiep
burger xpress,burger xpress,burger xpress - old,s0qs
burger xpress,burger xpress,burger express,u8xg
burger xpress,burger xpress,burger express,c4ii
burger xpress,burger xpress,the burger express,u8cd
burger xpress,burger xpress,burger xpress,n3fm
burger xpress,burger xpress,burger xpress,s1tl
burger xpress,burger xpress,burger xpress,u9ib
burger xpress,burger xpress,burger xpress,s5cj
burger xpress,burger xpress,burger xpress,vi94
burger xpress,burger xpress,burger xpress,gdzv
burger xpress,burger xpress,burger xpressya,fvp5
burger xpress,burger xpress,burger xpress,czwy
burger xpress,burger xpress,the burger express,ru15
burger xpress,burger xpress,holy burger express,j2x7
burger xpress,burger xpress,burger express,a6nr
burger xpress,burger xpress,burger express,v1nj
burger xpress,burger xpress,burger xpress,lg4r
burger xpress,burger xpress,burger xpress,vyi8
burger xpress,burger xpress,the burger express,rs7w
burger xpress,burger xpress,budget express,x957
burger xpress,burger xpress,burger express,d1e6
burger xpress,burger xpress,burger express,m7vb
burger xpress,burger xpress,burger express,daik
burger xpress,burger xpress,burger mess,b1ci
burger xpress,burger xpress,burger xpress,bo6h
burger xpress,burger xpress,burger express,k1ci
burger xpress,burger xpress,the burger express,iiep
burger xpress,burger xpress,burger xpress - old,s0qs
burger xpress,burger xpress,burger express,u8xg
burger xpress,burger xpress,burger express,c4ii
burger xpress,burger xpress,the burger express,u8cd
burger xpress,burger xpress,burger xpress,n3fm
burger xpress,burger xpress,burger xpress,s1tl
burger xpress,burger xpress,burger xpress,u9ib
burger xpress,burger xpress,burger xpress,s5cj
burger xpress,burger xpress,burger xpress,vi94
burger xpress,burger xpress,burger xpress,gdzv
burger xpress,burger xpress,burger xpressya,fvp5
burger xpress,burger xpress,burger xpress,czwy
burger xpress,burger xpress,the burger express,ru15
burger xpress,burger xpress,holy burger express,j2x7
burger xpress,burger xpress,burger express,a6nr
burger xpress,burger xpress,burger express,v1nj
burger xpress,burger xpress,burger xpress,lg4r
burger xpress,burger xpress,burger xpress,vyi8
burger xpress,burger xpress,the burger express,rs7w
burger xpress,burger xpress,budget express,x957
burger xpress,burger xpress,burger express,d1e6
burger xpress,burger xpress,burger express,m7vb
burger xpress,burger xpress,burger express,daik
burger xpress,burger xpress,burger mess,b1ci
burger xpress,burger xpress,burger xpress,bo6h
burger xpress,burger xpress,burger express,k1ci
waffle up,waffle up,waffle nut,fobt
waffle up,waffle up,waffle nut,fred
waffle up,waffle up,waffle up,dcao
waffle up,waffle up,waffle up,fjsq
waffle up,waffle up,waffle up,vndf
waffle up,waffle up,waffle up,b41r
waffle up,waffle up,waffle hub,a5g5
waffle up,waffle up,waffle up,sajp
waffle up,waffle up,waffle up,o4qm
waffle up,waffle up,waffle nut,fobt
waffle up,waffle up,waffle nut,fred
waffle up,waffle up,waffle up,dcao
waffle up,waffle up,waffle up,fjsq
waffle up,waffle up,waffle up,vndf
waffle up,waffle up,waffle up,b41r
waffle up,waffle up,waffle hub,a5g5
waffle up,waffle up,waffle up,sajp
waffle up,waffle up,waffle up,o4qm
